Name,Link,Created at,Stars
flask,https://github.com/pallets/flask,2010-04-06 11:11:59,58262
superset,https://github.com/apache/superset,2015-07-21 18:55:34,44904
dash,https://github.com/plotly/dash,2015-04-10 01:53:08,16056
proxy_pool,https://github.com/jhao104/proxy_pool,2016-11-25 13:49:07,14591
Zappa,https://github.com/Miserlou/Zappa,2016-01-20 21:57:04,11846
httpbin,https://github.com/postmanlabs/httpbin,2011-05-20 21:14:01,10635
awesome-flask,https://github.com/humiaozuzu/awesome-flask,2014-03-08 07:54:36,10459
flasky,https://github.com/miguelgrinberg/flasky,2013-12-24 05:38:12,7645
trape,https://github.com/jofpin/trape,2017-10-31 14:03:57,6949
blockchain,https://github.com/dvf/blockchain,2017-09-24 19:36:36,6746
crow,https://github.com/ipkn/crow,2014-03-29 20:40:24,6714
eve,https://github.com/pyeve/eve,2012-10-22 07:39:33,6445
flask-restful,https://github.com/flask-restful/flask-restful,2012-10-12 00:08:51,6298
grip,https://github.com/joeyespo/grip,2012-11-17 07:27:16,5568
whoogle-search,https://github.com/benbusby/whoogle-search,2020-01-21 20:22:33,5096
flask-admin,https://github.com/flask-admin/flask-admin,2012-03-18 23:21:57,4987
Flask-SocketIO,https://github.com/miguelgrinberg/Flask-SocketIO,2014-02-09 07:22:50,4593
discover-flask,https://github.com/realpython/discover-flask,2014-06-03 17:01:36,4317
nginx-ui,https://github.com/schenkd/nginx-ui,2020-05-30 08:31:03,4106
cookiecutter-flask,https://github.com/cookiecutter-flask/cookiecutter-flask,2013-08-16 07:27:55,4040
connexion,https://github.com/spec-first/connexion,2015-05-19 13:05:58,3939
microblog,https://github.com/miguelgrinberg/microblog,2012-12-17 06:01:19,3875
CTFd,https://github.com/CTFd/CTFd,2015-01-01 05:36:55,3863
flask-sqlalchemy,https://github.com/pallets/flask-sqlalchemy,2010-06-01 15:01:50,3706
Flask-AppBuilder,https://github.com/dpgaspar/Flask-AppBuilder,2013-11-09 21:13:29,3685
responder,https://github.com/taoufik07/responder,2018-10-09 11:15:00,3571
ProxyPool,https://github.com/Python3WebSpider/ProxyPool,2017-07-09 16:54:47,3312
flask_jsondash,https://github.com/christabor/flask_jsondash,2016-02-18 04:34:48,3233
toapi,https://github.com/gaojiuli/toapi,2017-11-27 08:40:55,3231
dtale,https://github.com/man-group/dtale,2019-07-15 09:34:48,3222
Deep-Learning-in-Production,https://github.com/ahkarami/Deep-Learning-in-Production,2018-05-03 10:24:24,3203
The-Flask-Mega-Tutorial-zh,https://github.com/luhuisicnu/The-Flask-Mega-Tutorial-zh,2018-01-24 09:25:03,3145
ShadowSocksShare,https://github.com/the0demiurge/ShadowSocksShare,2017-08-27 13:08:16,3069
flask-login,https://github.com/maxcountryman/flask-login,2012-03-11 14:42:33,2990
authlib,https://github.com/lepture/authlib,2017-10-27 06:52:26,2977
nyaa,https://github.com/nyaadevs/nyaa,2017-05-12 18:35:30,2921
flasgger,https://github.com/flasgger/flasgger,2015-07-27 18:21:49,2910
formspree,https://github.com/formspree/formspree,2014-12-12 23:20:09,2757
flask-base,https://github.com/hack4impact/flask-base,2015-09-19 23:33:33,2723
uwsgi-nginx-flask-docker,https://github.com/tiangolo/uwsgi-nginx-flask-docker,2016-02-14 16:32:58,2661
flask-restplus,https://github.com/noirbizarre/flask-restplus,2014-08-14 13:26:03,2603
psdash,https://github.com/Jahaja/psdash,2014-02-12 00:04:05,2363
Machine-Learning-with-Python,https://github.com/tirthajyoti/Machine-Learning-with-Python,2017-07-17 03:06:13,2286
pyxley,https://github.com/stitchfix/pyxley,2015-06-22 22:23:26,2272
dynaconf,https://github.com/rochacbruno/dynaconf,2015-08-14 21:25:22,2230
quokka,https://github.com/quokkaproject/quokka,2013-07-07 00:42:27,2203
flaskbb,https://github.com/flaskbb/flaskbb,2013-09-11 08:39:17,2150
flaskr-tdd,https://github.com/mjhea0/flaskr-tdd,2013-11-09 23:41:32,2124
pyt,https://github.com/python-security/pyt,2016-10-26 15:34:48,2071
app,https://github.com/simple-login/app,2019-12-18 16:14:58,2060
Flask-Migrate,https://github.com/miguelgrinberg/Flask-Migrate,2013-09-08 19:24:57,2013
python-dependency-injector,https://github.com/ets-labs/python-dependency-injector,2015-01-04 13:23:05,1947
flask-ask,https://github.com/johnwheeler/flask-ask,2016-05-12 00:54:46,1884
30-Days-of-Python,https://github.com/codingforentrepreneurs/30-Days-of-Python,2016-03-09 22:47:10,1786
flask-sockets,https://github.com/heroku-python/flask-sockets,2013-10-01 00:41:09,1738
wechat-admin,https://github.com/dongweiming/wechat-admin,2017-06-07 04:14:17,1729
fbone,https://github.com/imwilsonxu/fbone,2012-10-17 04:23:32,1670
explore-flask,https://github.com/rpicard/explore-flask,2013-11-16 12:23:16,1594
overholt,https://github.com/mattupstate/overholt,2013-06-26 16:39:12,1581
flask-security,https://github.com/mattupstate/flask-security,2012-03-07 19:44:05,1575
flask-bootstrap,https://github.com/mbr/flask-bootstrap,2012-05-31 13:27:32,1522
Zappa,https://github.com/zappa/Zappa,2020-07-14 19:14:50,1514
flask-restx,https://github.com/python-restx/flask-restx,2020-01-09 12:38:13,1482
PyOne,https://github.com/abbeyokgo/PyOne,2018-06-06 03:06:15,1478
best-of-web-python,https://github.com/ml-tooling/best-of-web-python,2021-01-05 13:09:27,1454
git-webhook,https://github.com/NetEaseGame/git-webhook,2016-09-29 08:56:12,1451
Flask_Simple_Form,https://github.com/fossasia/Flask_Simple_Form,2017-11-28 19:53:29,1447
sqlite-web,https://github.com/coleifer/sqlite-web,2014-11-08 05:26:31,1444
React-Redux-Flask,https://github.com/dternyak/React-Redux-Flask,2016-02-08 01:53:09,1443
flask-oauthlib,https://github.com/lepture/flask-oauthlib,2013-05-16 14:19:29,1432
Yacht,https://github.com/SelfhostedPro/Yacht,2020-06-12 15:16:49,1367
helloflask,https://github.com/greyli/helloflask,2018-06-12 08:54:57,1363
gxgk-wechat-server,https://github.com/paicha/gxgk-wechat-server,2015-08-17 07:54:29,1330
indico,https://github.com/indico/indico,2011-07-27 13:56:30,1321
flask-api,https://github.com/flask-api/flask-api,2014-02-15 12:27:34,1305
flask-restplus-server-example,https://github.com/frol/flask-restplus-server-example,2015-11-18 13:43:34,1295
weixin-python,https://github.com/zwczou/weixin-python,2016-08-31 07:35:15,1283
flask-jwt-extended,https://github.com/vimalloc/flask-jwt-extended,2016-09-13 20:57:28,1278
rq-dashboard,https://github.com/Parallels/rq-dashboard,2012-01-31 01:14:16,1271
flask-graphql,https://github.com/graphql-python/flask-graphql,2016-01-23 09:20:02,1267
Flask-Foundation,https://github.com/JackStouffer/Flask-Foundation,2013-09-15 06:34:48,1263
flask-boilerplate,https://github.com/realpython/flask-boilerplate,2013-02-23 22:47:05,1250
flask-wtf,https://github.com/wtforms/flask-wtf,2012-02-29 16:38:52,1250
webargs,https://github.com/marshmallow-code/webargs,2014-02-17 02:16:12,1250
flask-website,https://github.com/pallets/flask-website,2014-04-09 17:16:35,1215
flask-vuejs-template,https://github.com/gtalarico/flask-vuejs-template,2017-11-07 14:14:50,1208
flask-video-streaming,https://github.com/miguelgrinberg/flask-video-streaming,2014-10-19 01:53:26,1205
web_develop,https://github.com/dongweiming/web_develop,2016-05-26 09:19:31,1166
querybook,https://github.com/pinterest/querybook,2020-03-05 18:05:49,1125
tensorflow-101,https://github.com/burness/tensorflow-101,2016-11-10 08:23:35,1121
CredSniper,https://github.com/ustayready/CredSniper,2017-10-27 15:03:34,1111
OpenClubhouse,https://github.com/ai-eks/OpenClubhouse,2021-02-16 00:19:48,1099
microservices,https://github.com/umermansoor/microservices,2015-11-30 22:50:15,1080
flask-appengine-template,https://github.com/kamalgill/flask-appengine-template,2010-09-19 17:42:15,1076
angular-flask,https://github.com/shea256/angular-flask,2013-07-19 21:01:30,1073
Flask-HTTPAuth,https://github.com/miguelgrinberg/Flask-HTTPAuth,2013-05-18 05:10:52,1062
invoice,https://github.com/guanshuicheng/invoice,2019-08-02 03:06:41,1044
flask-celery-example,https://github.com/miguelgrinberg/flask-celery-example,2014-12-29 06:41:57,1039
flask-restless,https://github.com/jfinkels/flask-restless,2012-02-29 05:59:30,1028
keras-flask-deploy-webapp,https://github.com/imfing/keras-flask-deploy-webapp,2018-02-04 18:49:54,976
Flask-User,https://github.com/lingthio/Flask-User,2014-02-19 23:57:57,970
Blog_mini,https://github.com/xpleaf/Blog_mini,2016-02-10 17:13:13,968
apispec,https://github.com/marshmallow-code/apispec,2014-10-18 23:48:49,934
flask-bones,https://github.com/cburmeister/flask-bones,2013-05-26 06:47:04,918
chinese-dos-games-web,https://github.com/rwv/chinese-dos-games-web,2018-09-17 16:46:49,914
heroku-buildpack-python,https://github.com/heroku/heroku-buildpack-python,2011-05-17 20:26:30,913
bibi,https://github.com/seasonstar/bibi,2017-03-22 03:30:54,911
CodeFlask,https://github.com/kazzkiq/CodeFlask,2015-08-15 19:58:05,898
Flask-Scaffold,https://github.com/Leo-G/Flask-Scaffold,2015-05-11 15:35:44,874
flask-apscheduler,https://github.com/viniciuschiele/flask-apscheduler,2015-05-10 14:43:55,873
flask-dance,https://github.com/singingwolfboy/flask-dance,2014-09-09 11:53:06,868
REST-auth,https://github.com/miguelgrinberg/REST-auth,2013-11-27 22:27:12,865
flask-limiter,https://github.com/alisaifee/flask-limiter,2014-02-12 03:37:41,852
awesome-flask,https://github.com/mjhea0/awesome-flask,2019-08-21 21:09:54,849
Python24,https://github.com/HaoZhang95/Python24,2019-01-13 20:33:47,848
Never-Blink,https://github.com/ByronHsu/Never-Blink,2019-06-07 13:46:13,848
RichFilemanager,https://github.com/psolom/RichFilemanager,2016-05-13 07:16:48,842
rest-apis-flask-python,https://github.com/tecladocode/rest-apis-flask-python,2016-12-02 22:26:17,840
flask-debugtoolbar,https://github.com/flask-debugtoolbar/flask-debugtoolbar,2011-12-16 20:03:04,826
TableExport,https://github.com/clarketm/TableExport,2015-08-27 21:37:30,825
restless,https://github.com/toastdriven/restless,2014-01-13 02:54:50,822
V2RayCloudSpider,https://github.com/QIN2DIM/V2RayCloudSpider,2020-06-02 19:22:53,818
pytorch_classification,https://github.com/lxztju/pytorch_classification,2020-04-19 09:43:18,811
mixer,https://github.com/klen/mixer,2013-05-19 13:49:50,807
build-a-saas-app-with-flask,https://github.com/nickjj/build-a-saas-app-with-flask,2015-05-20 17:40:15,804
flask-mongoengine,https://github.com/MongoEngine/flask-mongoengine,2012-05-15 11:33:26,798
flask-realworld-example-app,https://github.com/gothinkster/flask-realworld-example-app,2017-05-16 21:19:05,797
flask-talisman,https://github.com/GoogleCloudPlatform/flask-talisman,2015-11-12 23:40:25,797
sparrow,https://github.com/wylok/sparrow,2017-02-04 07:19:19,789
china-dictatorship,https://github.com/cirosantilli/china-dictatorship,2015-04-02 20:51:50,784
spark-movie-lens,https://github.com/jadianes/spark-movie-lens,2015-07-02 07:04:17,774
flask-cors,https://github.com/corydolphin/flask-cors,2013-07-28 21:33:57,767
flask-peewee,https://github.com/coleifer/flask-peewee,2011-09-16 23:32:56,751
bowtie,https://github.com/jwkvam/bowtie,2016-04-17 22:00:41,744
flask-marshmallow,https://github.com/marshmallow-code/flask-marshmallow,2014-04-25 23:35:09,739
flaskex,https://github.com/anfederico/flaskex,2017-04-26 20:16:21,729
hellogithub.com,https://github.com/521xueweihan/hellogithub.com,2017-07-14 03:55:41,720
Frozen-Flask,https://github.com/Frozen-Flask/Frozen-Flask,2010-12-24 14:59:29,710
lin-cms-flask,https://github.com/TaleLin/lin-cms-flask,2019-01-15 14:25:50,705
flask-caching,https://github.com/pallets-eco/flask-caching,2016-07-04 19:53:57,699
flask-vue-spa,https://github.com/oleg-agapov/flask-vue-spa,2017-10-18 08:31:46,699
chartkick.py,https://github.com/mher/chartkick.py,2013-06-11 11:56:39,695
flask-cache,https://github.com/thadeusb/flask-cache,2010-08-30 07:39:51,694
gae-boilerplate,https://github.com/coto/gae-boilerplate,2012-02-12 16:17:18,689
flask-pymongo,https://github.com/dcrosta/flask-pymongo,2011-12-26 15:14:22,685
knowledge,https://github.com/coco369/knowledge,2018-05-29 13:59:28,682
flask-script,https://github.com/smurfix/flask-script,2012-02-29 16:28:21,679
flask-profiler,https://github.com/muatik/flask-profiler,2015-10-05 20:49:53,678
kamiFaka,https://github.com/Baiyuetribe/kamiFaka,2020-10-18 02:17:54,678
cookiecutter-flask-restful,https://github.com/karec/cookiecutter-flask-restful,2016-07-26 16:29:49,677
skf-flask,https://github.com/blabla1337/skf-flask,2015-01-23 21:57:20,657
flask-vuejs-madblog,https://github.com/wangy8961/flask-vuejs-madblog,2018-11-01 10:50:46,657
flask-restful-swagger,https://github.com/rantav/flask-restful-swagger,2013-11-26 13:39:38,652
open-source-saas-boilerpate,https://github.com/saasforge/open-source-saas-boilerpate,2019-11-01 02:04:18,650
mlh-hackathon-flask-starter,https://github.com/MLH/mlh-hackathon-flask-starter,2019-01-11 16:07:22,646
FXTest,https://github.com/liwanlei/FXTest,2017-07-13 08:27:48,646
ihatemoney,https://github.com/spiral-project/ihatemoney,2011-03-10 02:38:21,643
zenodo,https://github.com/zenodo/zenodo,2013-02-11 09:34:27,640
Flask-Blogging,https://github.com/gouthambs/Flask-Blogging,2015-05-27 21:33:36,636
bootstrap-flask,https://github.com/greyli/bootstrap-flask,2018-02-10 09:06:04,634
Flask-SuperAdmin,https://github.com/syrusakbary/Flask-SuperAdmin,2012-08-17 20:17:40,630
SZhe_Scan,https://github.com/Cl0udG0d/SZhe_Scan,2020-03-30 15:13:51,627
flask-state,https://github.com/yoobool/flask-state,2020-08-25 02:27:29,620
flask-by-example,https://github.com/realpython/flask-by-example,2014-08-12 20:32:29,618
Multi-Camera-Live-Object-Tracking,https://github.com/LeonLok/Multi-Camera-Live-Object-Tracking,2020-04-27 14:20:14,610
flask-empty,https://github.com/italomaia/flask-empty,2011-10-26 03:31:18,608
secure,https://github.com/TypeError/secure,2018-11-27 00:59:09,606
Flask-MonitoringDashboard,https://github.com/flask-dashboard/Flask-MonitoringDashboard,2017-04-11 13:50:14,605
flask-restful-example,https://github.com/qzq1111/flask-restful-example,2019-03-23 04:09:00,595
python-tutorial,https://github.com/shibing624/python-tutorial,2017-03-13 06:35:18,593
flask-rest-jsonapi,https://github.com/miLibris/flask-rest-jsonapi,2016-10-21 12:29:30,591
PyMessager,https://github.com/enginebai/PyMessager,2016-05-14 01:26:48,590
Flask-GoogleMaps,https://github.com/flask-extensions/Flask-GoogleMaps,2013-11-21 23:52:29,588
pygmy,https://github.com/amitt001/pygmy,2017-11-16 18:06:14,584
flask-vue-crud,https://github.com/testdrivenio/flask-vue-crud,2018-05-15 13:31:38,581
flask-oauth,https://github.com/mitsuhiko/flask-oauth,2010-05-08 15:14:53,576
flask-apispec,https://github.com/jmcarp/flask-apispec,2015-07-13 02:46:44,575
flask-restplus-boilerplate,https://github.com/cosmic-byte/flask-restplus-boilerplate,2018-03-15 10:35:38,569
LXC-Web-Panel,https://github.com/lxc-webpanel/LXC-Web-Panel,2013-03-22 11:17:26,562
python-flask-microservice,https://github.com/ssola/python-flask-microservice,2017-03-06 18:30:52,561
osroom,https://github.com/osroom/osroom,2017-11-29 16:44:42,561
Flask-SocketIO-Chat,https://github.com/miguelgrinberg/Flask-SocketIO-Chat,2014-06-18 07:03:58,552
uwsgi-nginx-docker,https://github.com/tiangolo/uwsgi-nginx-docker,2016-02-14 14:33:08,552
sis,https://github.com/matsui528/sis,2017-03-08 03:13:43,549
flask-jwt,https://github.com/mattupstate/flask-jwt,2014-01-23 22:51:37,547
pypress,https://github.com/laoqiu/pypress,2011-03-16 09:10:11,546
swagger-py-codegen,https://github.com/guokr/swagger-py-codegen,2015-05-14 06:45:46,546
flask-gentelella,https://github.com/afourmy/flask-gentelella,2017-11-27 10:09:06,539
flask-classy,https://github.com/apiguy/flask-classy,2012-10-30 03:43:15,539
gae-init,https://github.com/gae-init/gae-init,2013-03-02 11:58:49,536
spiders,https://github.com/xiyaowong/spiders,2020-03-07 02:55:23,533
flask-mail,https://github.com/mattupstate/flask-mail,2012-02-29 16:39:29,532
mini-shop-server,https://github.com/Allen7D/mini-shop-server,2018-06-16 02:15:04,526
invenio,https://github.com/inveniosoftware/invenio,2011-10-28 14:33:51,524
cesi,https://github.com/gamegos/cesi,2014-07-03 14:37:57,523
flask-mongorest,https://github.com/closeio/flask-mongorest,2012-06-12 18:40:14,519
flask-react-spa,https://github.com/briancappello/flask-react-spa,2017-09-05 03:17:41,517
flask-sslify,https://github.com/not-kennethreitz/flask-sslify,2012-04-29 16:52:03,507
minimal-django,https://github.com/rnevius/minimal-django,2016-03-01 03:36:21,506
Flask-Large-Application-Example,https://github.com/Robpol86/Flask-Large-Application-Example,2014-07-12 04:10:06,505
simple,https://github.com/orf/simple,2012-03-27 11:55:30,505
flask_reddit,https://github.com/codelucas/flask_reddit,2014-01-03 01:45:09,503
flask-tutorial,https://github.com/greyli/flask-tutorial,2018-10-23 06:08:05,501
full-stack,https://github.com/tiangolo/full-stack,2018-02-28 13:34:09,494
beibq,https://github.com/chaijunit/beibq,2018-01-31 14:44:34,494
pb,https://github.com/ptpb/pb,2014-11-30 00:17:17,493
autotest_platform,https://github.com/jerrylizilong/autotest_platform,2018-07-27 09:36:53,490
annotated-py-projects,https://github.com/hhstore/annotated-py-projects,2016-01-27 06:27:39,490
opendata.cern.ch,https://github.com/cernopendata/opendata.cern.ch,2014-06-23 09:12:36,490
bolt-python,https://github.com/slackapi/bolt-python,2020-06-02 12:32:17,490
QQZoneMood,https://github.com/Maicius/QQZoneMood,2017-02-14 13:31:07,489
flaskSaaS,https://github.com/alectrocute/flaskSaaS,2019-02-13 23:03:34,488
flack,https://github.com/miguelgrinberg/flack,2016-05-11 19:16:47,487
potion,https://github.com/biosustain/potion,2014-09-15 08:52:47,484
arxiv-sanity-lite,https://github.com/karpathy/arxiv-sanity-lite,2021-11-13 04:34:22,481
flask-testing,https://github.com/jarus/flask-testing,2012-02-29 16:34:28,480
elephant,https://github.com/not-kennethreitz/elephant,2013-03-26 02:17:12,480
Flask-Admin-Dashboard,https://github.com/jonalxh/Flask-Admin-Dashboard,2017-05-09 03:11:17,479
pepy,https://github.com/psincraian/pepy,2018-05-27 19:40:52,478
Flask-Boost,https://github.com/hustlzp/Flask-Boost,2014-06-21 02:54:02,476
data-driven-web-apps-with-flask,https://github.com/talkpython/data-driven-web-apps-with-flask,2019-03-22 21:16:52,473
Yotter,https://github.com/ytorg/Yotter,2020-07-12 21:42:27,473
flask-principal,https://github.com/mattupstate/flask-principal,2012-06-08 14:58:33,468
ServerManagement,https://github.com/cksgf/ServerManagement,2018-10-18 01:43:12,465
flask-keras-cnn-image-retrieval,https://github.com/willard-yuan/flask-keras-cnn-image-retrieval,2016-01-12 16:01:16,463
terracotta,https://github.com/DHI-GRAS/terracotta,2018-03-06 08:53:34,459
flask-swagger,https://github.com/getsling/flask-swagger,2015-03-01 01:08:16,455
prometheus_flask_exporter,https://github.com/rycus86/prometheus_flask_exporter,2017-11-23 20:04:19,447
WGDashboard,https://github.com/donaldzou/WGDashboard,2020-10-18 05:08:57,446
python-project-template,https://github.com/rochacbruno/python-project-template,2021-08-14 01:11:39,445
flask_heroku,https://github.com/zachwill/flask_heroku,2011-09-16 03:31:35,444
maple-bbs,https://github.com/honmaple/maple-bbs,2016-03-28 06:14:37,444
clay,https://github.com/uber/clay,2012-11-28 19:36:47,433
poor-mans-deep-learning-camera,https://github.com/burningion/poor-mans-deep-learning-camera,2017-12-18 21:58:54,430
TradingView-Webhook-Bot,https://github.com/fabston/TradingView-Webhook-Bot,2020-04-21 14:05:31,430
flask-smorest,https://github.com/marshmallow-code/flask-smorest,2016-09-06 12:51:53,428
OctBlog,https://github.com/flyhigher139/OctBlog,2015-10-09 13:42:13,428
flask-blog,https://github.com/dmaslov/flask-blog,2013-10-03 09:18:24,426
flask-assets,https://github.com/miracle2k/flask-assets,2010-08-06 11:51:29,425
cmdb,https://github.com/pycook/cmdb,2015-12-29 02:32:49,425
Machine-Learning-Web-Apps,https://github.com/Jcharis/Machine-Learning-Web-Apps,2018-03-09 12:09:41,424
serverless-wsgi,https://github.com/logandk/serverless-wsgi,2016-10-13 11:16:31,424
cookiecutter-flask-skeleton,https://github.com/realpython/cookiecutter-flask-skeleton,2015-01-21 16:28:25,420
PyFladesk,https://github.com/smoqadam/PyFladesk,2015-12-17 06:54:14,419
appengine-flask-skeleton,https://github.com/googlearchive/appengine-flask-skeleton,2013-11-15 01:50:52,417
pytest-flask,https://github.com/pytest-dev/pytest-flask,2014-09-03 12:51:29,415
apiflask,https://github.com/greyli/apiflask,2021-01-13 04:08:48,412
meinheld-gunicorn-flask-docker,https://github.com/tiangolo/meinheld-gunicorn-flask-docker,2019-01-12 13:41:39,410
DailyNotes,https://github.com/m0ngr31/DailyNotes,2020-01-06 09:16:39,405
cnn_handwritten_chinese_recognition,https://github.com/taosir/cnn_handwritten_chinese_recognition,2017-09-06 03:40:14,403
flask-redis,https://github.com/underyx/flask-redis,2013-06-23 11:32:18,402
ceph-dash,https://github.com/Crapworks/ceph-dash,2014-02-28 08:57:18,401
enferno,https://github.com/level09/enferno,2014-07-09 12:57:38,401
ojbk_jiexi,https://github.com/abbeyokgo/ojbk_jiexi,2018-01-26 17:05:02,396
flask-security,https://github.com/Flask-Middleware/flask-security,2016-04-19 01:16:01,395
flask-adminlte-scaffold,https://github.com/xiiiblue/flask-adminlte-scaffold,2017-04-15 02:55:23,393
flask-vuejs,https://github.com/yymm/flask-vuejs,2014-04-21 07:34:31,388
flask-session,https://github.com/fengsp/flask-session,2014-04-25 11:48:29,387
explore-flask-zh,https://github.com/spacewander/explore-flask-zh,2014-05-01 09:16:34,387
video_streaming_with_flask_example,https://github.com/log0/video_streaming_with_flask_example,2014-12-21 00:31:06,386
flask-xxl,https://github.com/jstacoder/flask-xxl,2014-07-14 17:30:20,386
redispapa,https://github.com/no13bus/redispapa,2015-03-05 08:40:47,386
tasking-manager,https://github.com/hotosm/tasking-manager,2017-02-02 14:31:35,381
flask-babel,https://github.com/python-babel/flask-babel,2010-05-29 14:14:08,377
Topaz,https://github.com/Naresh1318/Topaz,2019-07-09 02:05:35,375
plotlydash-flask-tutorial,https://github.com/toddbirchard/plotlydash-flask-tutorial,2019-03-28 06:45:10,373
turkce-python-kaynaklari,https://github.com/ibrahimirdem/turkce-python-kaynaklari,2018-11-16 07:51:30,370
flask-assistant,https://github.com/treethought/flask-assistant,2016-12-15 07:36:57,368
flask-react-boilerplate,https://github.com/alexkuz/flask-react-boilerplate,2015-05-29 07:51:50,368
bluelog,https://github.com/greyli/bluelog,2018-07-19 15:01:07,365
flask-api-starter-kit,https://github.com/antkahn/flask-api-starter-kit,2016-11-20 19:01:35,362
simple-keras-rest-api,https://github.com/jrosebr1/simple-keras-rest-api,2018-01-24 14:58:40,360
flask_api_example,https://github.com/apryor6/flask_api_example,2019-05-18 15:20:48,349
flaskwebgui,https://github.com/ClimenteA/flaskwebgui,2019-06-08 09:23:50,346
apm-agent-python,https://github.com/elastic/apm-agent-python,2017-07-13 08:48:10,346
flask-session-cookie-manager,https://github.com/noraj/flask-session-cookie-manager,2017-07-16 17:04:55,345
MyFlaskTutorial,https://github.com/bev-a-tron/MyFlaskTutorial,2012-06-25 21:03:41,342
Flask-Moment,https://github.com/miguelgrinberg/Flask-Moment,2013-10-24 04:17:57,341
flask-skeleton,https://github.com/sean-/flask-skeleton,2011-05-09 18:40:02,340
SSDBAdmin,https://github.com/jhao104/SSDBAdmin,2017-05-27 07:13:59,340
flask-chatterbot,https://github.com/chamkank/flask-chatterbot,2016-08-24 00:07:52,338
safrs,https://github.com/thomaxxl/safrs,2017-09-20 07:56:55,338
flask-webpack,https://github.com/nickjj/flask-webpack,2015-06-03 15:45:04,336
wikipedia-map,https://github.com/controversial/wikipedia-map,2016-01-31 03:30:11,334
flask-bookshelf,https://github.com/damyanbogoev/flask-bookshelf,2015-04-21 07:58:36,333
python-websockets-chat,https://github.com/heroku-examples/python-websockets-chat,2013-10-04 16:03:34,333
news-search-engine,https://github.com/01joy/news-search-engine,2016-01-07 03:52:32,332
renrenBackup,https://github.com/whusnoopy/renrenBackup,2018-07-12 02:34:48,330
freki,https://github.com/cristianzsh/freki,2020-07-29 23:38:18,328
flask-blueprint-tutorial,https://github.com/hackersandslackers/flask-blueprint-tutorial,2019-08-24 08:37:05,327
redis-monitor,https://github.com/NetEaseGame/redis-monitor,2016-09-18 06:19:38,326
overpass,https://github.com/GOATS2K/overpass,2020-09-20 10:13:36,326
fastwsgi,https://github.com/jamesroberts/fastwsgi,2021-08-02 20:00:17,325
flask-boilerplate,https://github.com/MaxHalford/flask-boilerplate,2015-11-23 20:12:35,321
admin-dashboards,https://github.com/app-generator/admin-dashboards,2019-06-12 05:34:33,317
Flask-User-starter-app,https://github.com/lingthio/Flask-User-starter-app,2014-10-09 01:12:12,313
flask-praetorian,https://github.com/dusktreader/flask-praetorian,2016-11-23 16:47:18,313
heroku-basic-flask,https://github.com/datademofun/heroku-basic-flask,2016-05-09 12:17:09,312
screenBloom,https://github.com/kershner/screenBloom,2015-02-11 15:19:26,312
DeepChatModels,https://github.com/mckinziebrandon/DeepChatModels,2017-02-14 21:02:17,312
FlaskIntroduction,https://github.com/jakerieger/FlaskIntroduction,2019-05-25 18:39:45,311
rest_api_demo,https://github.com/postrational/rest_api_demo,2016-06-19 19:17:57,311
Issue-Label-Bot,https://github.com/machine-learning-apps/Issue-Label-Bot,2019-03-22 19:10:39,308
chat,https://github.com/limboy/chat,2011-10-26 14:39:54,305
bgp-dashboard,https://github.com/rhicks/bgp-dashboard,2016-11-23 21:43:20,305
flask-desktop,https://github.com/Widdershin/flask-desktop,2013-09-06 06:31:21,304
flask-sqlalchemy-tutorial,https://github.com/hackersandslackers/flask-sqlalchemy-tutorial,2019-02-06 05:40:52,303
Data-VisualizAR,https://github.com/pearsonkyle/Data-VisualizAR,2019-07-20 05:19:35,300
flask-vue-kubernetes,https://github.com/testdrivenio/flask-vue-kubernetes,2018-09-04 21:37:16,299
youtube-dl-webui,https://github.com/d0u9/youtube-dl-webui,2017-05-04 15:13:36,299
fastapi_login,https://github.com/MushroomMaula/fastapi_login,2019-10-21 14:47:00,299
flask-sqlacodegen,https://github.com/ksindi/flask-sqlacodegen,2014-04-13 17:06:26,295
python-slack-events-api,https://github.com/slackapi/python-slack-events-api,2017-02-21 19:21:16,295
neo4j-flask,https://github.com/nicolewhite/neo4j-flask,2015-01-07 19:37:36,294
flask-bcrypt,https://github.com/maxcountryman/flask-bcrypt,2011-06-12 21:20:23,294
athena,https://github.com/apas/athena,2016-03-12 08:32:37,292
myflaskapp,https://github.com/bradtraversy/myflaskapp,2017-04-25 20:37:59,288
Flask-Web-App-Tutorial,https://github.com/techwithtim/Flask-Web-App-Tutorial,2021-01-19 17:39:23,286
python-articles,https://github.com/Mybridge/python-articles,2018-02-14 06:25:50,286
flask-boilerplate,https://github.com/tko22/flask-boilerplate,2017-10-26 00:38:39,282
gitrec,https://github.com/zhenghaoz/gitrec,2019-06-02 05:53:51,281
sklearnflask,https://github.com/amirziai/sklearnflask,2016-01-29 21:24:26,280
SentimentAnalysis,https://github.com/barissayil/SentimentAnalysis,2019-12-27 11:54:06,280
me,https://github.com/deepgully/me,2013-02-04 02:54:44,278
flask-uwsgi,https://github.com/mking/flask-uwsgi,2014-02-03 03:57:02,277
SwagLyrics-For-Spotify,https://github.com/SwagLyrics/SwagLyrics-For-Spotify,2018-02-11 13:50:20,277
line-bot-tutorial,https://github.com/twtrubiks/line-bot-tutorial,2017-01-31 07:36:45,276
Flask-WhooshAlchemy,https://github.com/gyllstromk/Flask-WhooshAlchemy,2012-03-02 12:39:37,275
MoreCodes-Youtube,https://github.com/ArjunAranetaCodes/MoreCodes-Youtube,2018-11-16 04:09:22,274
wiki,https://github.com/alexanderjulo/wiki,2012-10-11 07:53:30,272
flask-pastebin,https://github.com/mitsuhiko/flask-pastebin,2011-12-06 03:39:30,269
eb-py-flask-signup,https://github.com/aws-samples/eb-py-flask-signup,2013-10-16 00:19:58,267
Object-Detection-API,https://github.com/theAIGuysCode/Object-Detection-API,2020-02-11 22:44:29,266
neo4j-movies-template,https://github.com/neo4j-examples/neo4j-movies-template,2014-06-24 17:33:19,265
quora-api,https://github.com/csu/quora-api,2014-07-24 04:33:00,265
flask-project-template,https://github.com/xen/flask-project-template,2014-03-31 12:32:22,264
Titan,https://github.com/TitanEmbeds/Titan,2017-01-15 10:59:57,264
flask-uwsgi-websocket,https://github.com/zeekay/flask-uwsgi-websocket,2014-01-21 14:21:24,262
candlestick-screener,https://github.com/hackingthemarkets/candlestick-screener,2020-08-05 04:02:55,262
flask_spider,https://github.com/longzx-9527/flask_spider,2018-04-18 15:59:31,261
kubernetes-mlops,https://github.com/AlexIoannides/kubernetes-mlops,2019-01-28 16:40:35,259
Flask-Meld,https://github.com/mikeabrahamsen/Flask-Meld,2020-09-17 00:49:54,258
scout,https://github.com/coleifer/scout,2015-03-25 22:49:52,258
Flask_Docs_ZhCn,https://github.com/dormouse/Flask_Docs_ZhCn,2012-02-24 13:03:28,257
async-flask-sqlalchemy-example,https://github.com/kljensen/async-flask-sqlalchemy-example,2013-03-10 21:02:53,256
smart-contract-search-engine,https://github.com/second-state/smart-contract-search-engine,2019-04-27 11:12:16,256
flask-sse,https://github.com/singingwolfboy/flask-sse,2016-04-11 21:32:13,254
moa,https://github.com/FedStoa/moa,2017-11-01 03:02:39,254
Flask-FlatPages,https://github.com/Flask-FlatPages/Flask-FlatPages,2010-12-24 07:09:32,253
github-flask,https://github.com/cenkalti/github-flask,2013-06-29 07:56:54,252
ok,https://github.com/okpy/ok,2014-05-20 18:36:23,251
cedardeploy,https://github.com/liquanzhou/cedardeploy,2018-11-09 10:17:03,251
flask-jsonrpc,https://github.com/cenobites/flask-jsonrpc,2012-12-14 18:33:24,249
flask_memory_shell,https://github.com/iceyhexman/flask_memory_shell,2021-03-26 10:10:55,249
flask-jwt-auth,https://github.com/realpython/flask-jwt-auth,2016-12-13 07:38:46,248
blog,https://github.com/ifwenvlook/blog,2016-03-31 02:08:19,248
flask-paginate,https://github.com/lixxu/flask-paginate,2012-10-07 12:21:45,247
ML-web-app,https://github.com/imadelh/ML-web-app,2019-07-28 11:48:09,247
machine-learning,https://github.com/jeff1evesque/machine-learning,2014-08-13 16:50:18,247
flasky-with-celery,https://github.com/miguelgrinberg/flasky-with-celery,2015-05-14 23:57:32,246
Yolov5-Flask-VUE,https://github.com/Sharpiless/Yolov5-Flask-VUE,2021-01-29 10:00:58,246
Taisite-Platform,https://github.com/amazingTest/Taisite-Platform,2019-08-14 06:19:41,246
ultimate-flask-front-end,https://github.com/realpython/ultimate-flask-front-end,2015-03-05 16:10:50,245
ML-React-App-Template,https://github.com/kb22/ML-React-App-Template,2019-04-05 05:34:33,245
movies-python-bolt,https://github.com/neo4j-examples/movies-python-bolt,2016-09-14 14:56:44,245
python_ocr_tutorial,https://github.com/ybur-yug/python_ocr_tutorial,2015-01-04 05:25:18,245
progress-bar,https://github.com/fredericojordan/progress-bar,2019-08-04 23:42:08,244
cancan,https://github.com/cocoakekeyu/cancan,2017-08-05 05:11:02,243
flask-social,https://github.com/mattupstate/flask-social,2013-04-04 16:41:19,242
Flask-Excel,https://github.com/pyexcel-webwares/Flask-Excel,2015-01-21 19:55:07,242
albumy,https://github.com/greyli/albumy,2018-07-19 15:01:17,240
slapdash,https://github.com/ned2/slapdash,2017-12-09 03:11:38,239
flask-cloudy,https://github.com/mardix/flask-cloudy,2015-05-21 05:04:50,237
flask_injector,https://github.com/alecthomas/flask_injector,2012-11-19 04:09:14,237
snap-n-eat,https://github.com/gabrielilharco/snap-n-eat,2017-12-08 15:23:29,237
dash_on_flask,https://github.com/okomarov/dash_on_flask,2019-01-02 01:46:26,236
saas-base,https://github.com/CaravelKit/saas-base,2018-09-22 01:24:09,236
flask-starter,https://github.com/ksh7/flask-starter,2021-05-31 05:23:18,234
Flask-PageDown,https://github.com/miguelgrinberg/Flask-PageDown,2013-11-03 07:00:25,234
HRShell,https://github.com/chrispetrou/HRShell,2019-08-20 15:24:46,234
ssis-dashboard,https://github.com/yorek/ssis-dashboard,2014-08-14 13:42:33,234
Stock-Market-Prediction-Web-App-using-Machine-Learning-And-Sentiment-Analysis,https://github.com/kaushikjadhav01/Stock-Market-Prediction-Web-App-using-Machine-Learning-And-Sentiment-Analysis,2020-06-13 13:23:59,233
flask-kit,https://github.com/semirook/flask-kit,2012-01-05 11:05:41,232
docker-flask-example,https://github.com/nickjj/docker-flask-example,2020-12-24 15:32:16,232
flask-heroku,https://github.com/heroku-python/flask-heroku,2012-02-06 17:43:11,231
Deployment-flask,https://github.com/krishnaik06/Deployment-flask,2019-06-16 08:21:53,229
microMsg-bot,https://github.com/qwIvan/microMsg-bot,2017-05-13 14:32:36,229
JioSaavnAPI,https://github.com/cyberboysumanjay/JioSaavnAPI,2019-07-30 20:48:22,229
flask-common,https://github.com/schedutron/flask-common,2017-05-05 00:17:45,227
eve-sqlalchemy,https://github.com/pyeve/eve-sqlalchemy,2015-01-06 01:47:02,226
FlaskMovie,https://github.com/mtianyan/FlaskMovie,2017-08-28 12:53:01,225
flask-black-dashboard,https://github.com/app-generator/flask-black-dashboard,2019-06-03 13:41:30,225
The-Flask-Mega-Tutorial,https://github.com/Microndgt/The-Flask-Mega-Tutorial,2018-01-13 00:28:17,225
python_PlateRecogntion,https://github.com/jinmu333/python_PlateRecogntion,2019-03-20 07:21:00,225
flaskblog,https://github.com/sixu05202004/flaskblog,2013-01-12 15:14:16,222
flask-rbac,https://github.com/shonenada/flask-rbac,2013-11-20 16:16:18,219
machine-learning-deployment,https://github.com/abhinavsagar/machine-learning-deployment,2019-10-01 09:14:08,219
automl_service,https://github.com/crawles/automl_service,2017-08-05 20:25:21,219
docker-flask-celery-redis,https://github.com/mattkohl/docker-flask-celery-redis,2017-09-07 07:03:06,218
chat,https://github.com/jakubroztocil/chat,2012-02-08 22:16:08,218
GardenPi,https://github.com/rjsears/GardenPi,2020-08-01 01:19:24,217
flask-openid,https://github.com/pallets-eco/flask-openid,2010-05-06 11:08:54,216
flask-dropzone,https://github.com/greyli/flask-dropzone,2017-02-17 08:27:58,216
marshmallow-jsonapi,https://github.com/marshmallow-code/marshmallow-jsonapi,2015-09-12 20:10:55,215
supplychainpy,https://github.com/KevinFasusi/supplychainpy,2016-02-06 13:18:57,215
FreeTakServer,https://github.com/FreeTAKTeam/FreeTakServer,2020-02-05 13:29:55,214
ok_ip_proxy_pool,https://github.com/cwjokaka/ok_ip_proxy_pool,2019-09-05 13:02:39,214
python-sample-vscode-flask-tutorial,https://github.com/microsoft/python-sample-vscode-flask-tutorial,2018-05-14 17:35:19,213
docker-web-framework-examples,https://github.com/nickjj/docker-web-framework-examples,2018-06-14 17:08:42,213
python-resources-2019,https://github.com/stephenh67/python-resources-2019,2019-08-09 10:58:04,213
flask-oauth-example,https://github.com/miguelgrinberg/flask-oauth-example,2014-11-16 19:23:23,211
flask-mongoalchemy,https://github.com/cobrateam/flask-mongoalchemy,2010-12-21 17:01:52,210
OpenUBA,https://github.com/GACWR/OpenUBA,2019-09-24 17:25:23,210
pytest-flask-sqlalchemy,https://github.com/jeancochrane/pytest-flask-sqlalchemy,2018-05-22 17:03:08,207
extract-news-api,https://github.com/kotartemiy/extract-news-api,2020-04-19 14:39:17,207
react-flask,https://github.com/bonniee/react-flask,2015-08-02 19:25:10,206
generator-angular-flask,https://github.com/rayokota/generator-angular-flask,2014-01-16 07:26:15,206
payjs_faka,https://github.com/abbeyokgo/payjs_faka,2017-12-30 06:45:57,205
twitter-intelligence,https://github.com/batuhaniskr/twitter-intelligence,2017-05-31 10:49:59,204
PortfolioHub,https://github.com/umihico/PortfolioHub,2018-11-12 07:06:26,203
flask-bootstrap,https://github.com/esbullington/flask-bootstrap,2012-03-06 17:53:29,202
flask-celery,https://github.com/ask/flask-celery,2010-09-08 12:11:48,201
shopyo,https://github.com/Abdur-rahmaanJ/shopyo,2019-06-26 19:44:29,201
flask-rq,https://github.com/mattupstate/flask-rq,2012-07-17 05:19:01,200
flask-rebar,https://github.com/plangrid/flask-rebar,2018-02-26 17:39:13,199
163music-APlayer-you-get-docker,https://github.com/YUX/163music-APlayer-you-get-docker,2016-05-14 22:05:15,197
udata,https://github.com/opendatateam/udata,2014-04-25 09:57:34,197
delbot,https://github.com/shaildeliwala/delbot,2017-02-18 13:43:28,197
PythonFlaskMySQLApp---Part-1,https://github.com/jay3dec/PythonFlaskMySQLApp---Part-1,2015-01-04 18:18:10,196
vue-admin-flask-example,https://github.com/bay1/vue-admin-flask-example,2018-02-10 11:05:21,196
Flask-RQ2,https://github.com/rq/Flask-RQ2,2016-05-18 20:23:15,196
livetv_mining,https://github.com/taogeT/livetv_mining,2016-03-23 12:38:10,196
flask-on-docker,https://github.com/testdrivenio/flask-on-docker,2019-10-24 16:18:37,195
flasky-first-edition,https://github.com/miguelgrinberg/flasky-first-edition,2017-10-29 18:13:55,195
flask_table,https://github.com/plumdog/flask_table,2014-05-03 17:10:03,195
tvhProxy,https://github.com/jkaberg/tvhProxy,2016-09-26 18:14:00,195
async_flask,https://github.com/shanealynn/async_flask,2014-07-15 10:29:51,194
novel-fpg,https://github.com/black-currant/novel-fpg,2022-01-17 12:31:59,194
system-dashboard,https://github.com/minimaxir/system-dashboard,2016-10-18 05:16:09,192
flusk,https://github.com/dimmg/flusk,2016-11-25 14:00:20,192
flask_api,https://github.com/pratos/flask_api,2017-09-12 19:38:43,190
flask-uploads,https://github.com/maxcountryman/flask-uploads,2015-12-16 03:53:35,190
socialdb_vue_flask,https://github.com/Leezj9671/socialdb_vue_flask,2017-04-30 13:01:41,190
Python-MLOps-Cookbook,https://github.com/noahgift/Python-MLOps-Cookbook,2021-03-11 00:44:28,190
flask-app-template,https://github.com/berlotto/flask-app-template,2013-01-24 15:58:50,189
dash-flask-login,https://github.com/RafaelMiquelino/dash-flask-login,2018-10-09 20:22:31,189
flask-msearch,https://github.com/honmaple/flask-msearch,2017-04-15 16:31:48,189
berowra,https://github.com/sampoder/berowra,2021-06-25 08:23:03,189
home,https://github.com/gege-circle/home,2020-09-20 04:47:25,189
hydrus,https://github.com/HTTP-APIs/hydrus,2016-12-13 09:11:38,188
saltshaker_api,https://github.com/saltshaker-plus/saltshaker_api,2018-03-14 09:01:04,188
pyms,https://github.com/python-microservices/pyms,2018-11-05 13:04:17,188
pervane,https://github.com/hakanu/pervane,2019-12-28 20:06:36,188
weblog,https://github.com/ghostrong/weblog,2013-01-01 07:20:19,187
flask-markdown,https://github.com/dcolish/flask-markdown,2010-07-11 23:03:53,187
pyxtermjs,https://github.com/cs01/pyxtermjs,2018-09-05 01:27:15,187
pyrollbar,https://github.com/rollbar/pyrollbar,2012-08-12 21:12:08,187
turbo-flask,https://github.com/miguelgrinberg/turbo-flask,2021-01-31 19:09:49,186
flask-redis-queue,https://github.com/mjhea0/flask-redis-queue,2017-10-04 23:53:59,185
flask-video-streaming-recorder,https://github.com/Kr1s77/flask-video-streaming-recorder,2018-11-05 08:34:29,185
flask-pydantic,https://github.com/bauerji/flask-pydantic,2020-01-06 17:45:59,185
wut4lunch_demos,https://github.com/ryansb/wut4lunch_demos,2014-10-05 15:58:31,185
DingDingAutoPlayCard,https://github.com/1414044032/DingDingAutoPlayCard,2018-10-11 07:00:02,185
flask-s3,https://github.com/e-dard/flask-s3,2012-10-01 18:08:11,184
pyecharts-app,https://github.com/pyecharts/pyecharts-app,2017-10-07 16:08:04,184
oreilly-flask-apis-video,https://github.com/miguelgrinberg/oreilly-flask-apis-video,2014-07-25 06:24:44,183
flask-boilerplate,https://github.com/swaroopch/flask-boilerplate,2010-08-29 14:11:54,183
flask-nsa,https://github.com/sysr-q/flask-nsa,2013-06-09 11:46:15,183
Vajra,https://github.com/TROUBLE-1/Vajra,2022-03-01 14:31:27,183
flango,https://github.com/not-kennethreitz/flango,2017-03-16 16:47:44,182
sayhello,https://github.com/greyli/sayhello,2018-05-30 08:55:00,181
PythonDemo,https://github.com/seeways/PythonDemo,2017-11-20 01:17:11,181
HashtagCashtag,https://github.com/shafiab/HashtagCashtag,2015-01-25 12:02:01,180
icnfnt,https://github.com/johnsmclay/icnfnt,2012-09-11 05:23:01,180
curso-flask,https://github.com/codeshow/curso-flask,2020-05-30 17:43:18,179
TinyGoogle,https://github.com/yrq110/TinyGoogle,2016-11-07 11:06:27,179
flask-engine,https://github.com/zachwill/flask-engine,2011-03-12 02:05:23,178
logmon,https://github.com/maxcountryman/logmon,2011-12-22 15:02:29,178
aioflask,https://github.com/miguelgrinberg/aioflask,2020-07-16 17:58:43,178
APIFairy,https://github.com/miguelgrinberg/APIFairy,2020-09-27 15:24:33,178
spectree,https://github.com/0b01001001/spectree,2019-12-01 07:04:07,178
bottle-cork,https://github.com/FedericoCeratto/bottle-cork,2012-04-08 12:19:59,177
flask-shell-ipython,https://github.com/ei-grad/flask-shell-ipython,2016-06-20 15:20:14,177
flask-origin,https://github.com/greyli/flask-origin,2018-07-19 15:01:31,176
Flask-MQTT,https://github.com/stlehmann/Flask-MQTT,2017-03-26 17:40:50,176
flask-seasurf,https://github.com/maxcountryman/flask-seasurf,2011-12-06 18:51:00,175
jarvis2,https://github.com/mpolden/jarvis2,2013-06-05 18:28:28,175
tedivms-flask,https://github.com/tedivm/tedivms-flask,2018-10-20 05:03:31,175
--Awesome-Python--,https://github.com/JoMingyu/--Awesome-Python--,2017-06-27 14:35:17,175
plotlyjs-flask-example,https://github.com/plotly/plotlyjs-flask-example,2015-07-24 16:24:24,174
webvectors,https://github.com/akutuzov/webvectors,2015-10-24 22:17:52,174
FlaskSeries,https://github.com/jimdevops19/FlaskSeries,2020-12-03 11:28:30,173
Flog,https://github.com/frostming/Flog,2017-09-09 15:56:06,172
Hey-Jetson,https://github.com/bricewalker/Hey-Jetson,2018-03-16 20:28:41,172
flaskblog,https://github.com/defshine/flaskblog,2014-08-25 12:28:30,171
flask-jwt-auth,https://github.com/oleg-agapov/flask-jwt-auth,2017-11-20 16:10:11,171
pygreen,https://github.com/nicolas-van/pygreen,2013-05-15 16:25:49,171
python_rest_flask,https://github.com/sagaragarwal94/python_rest_flask,2017-02-13 06:17:08,170
flask-file-server,https://github.com/Wildog/flask-file-server,2016-09-07 13:37:46,170
flask_ishuhui,https://github.com/lufficc/flask_ishuhui,2017-08-25 00:13:24,170
Flask-Unsign,https://github.com/Paradoxis/Flask-Unsign,2019-01-26 10:52:12,170
flask-diamond,https://github.com/diamond-org/flask-diamond,2015-09-22 16:38:37,170
sapic,https://github.com/sapicd/sapic,2019-12-19 09:53:35,170
choose-your-own-adventure-presentations,https://github.com/mattmakai/choose-your-own-adventure-presentations,2014-10-16 12:38:44,168
flask-simpleldap,https://github.com/alexferl/flask-simpleldap,2014-08-10 03:51:56,167
flask-sphinx-themes,https://github.com/pallets/flask-sphinx-themes,2010-05-07 18:18:29,167
wallgen,https://github.com/SubhrajitPrusty/wallgen,2018-08-27 08:51:28,167
flask-tumblelog,https://github.com/rozza/flask-tumblelog,2012-10-16 10:43:44,166
flask-restful-demo,https://github.com/joshfriend/flask-restful-demo,2014-08-23 04:49:05,166
ActorCloud,https://github.com/actorcloud/ActorCloud,2019-03-18 06:40:39,166
flask-kvsession,https://github.com/mbr/flask-kvsession,2011-07-05 13:41:32,165
yublog,https://github.com/yokonsan/yublog,2017-11-07 06:03:26,165
flask-react-bootstrap,https://github.com/gabrielfalcao/flask-react-bootstrap,2015-10-25 08:30:36,165
propel-legacy,https://github.com/mardix/propel-legacy,2015-02-09 12:28:35,165
assembly,https://github.com/mardix/assembly,2019-08-24 02:51:12,164
flasklogin-tutorial,https://github.com/toddbirchard/flasklogin-tutorial,2019-04-04 21:56:12,162
reel2bits,https://github.com/reel2bits/reel2bits,2018-08-02 07:30:31,162
ddd-flask-example,https://github.com/MichaelDiBernardo/ddd-flask-example,2012-09-05 00:01:24,161
tarbell,https://github.com/tarbell-project/tarbell,2012-12-31 19:13:28,161
scalable-data-science-platform,https://github.com/unnati-xyz/scalable-data-science-platform,2016-07-23 05:26:50,161
flask-social-example,https://github.com/mattupstate/flask-social-example,2012-03-15 22:59:22,160
flask-restless-security,https://github.com/graup/flask-restless-security,2014-08-16 04:39:48,160
codewords,https://github.com/jporter-dev/codewords,2017-10-23 23:40:11,160
leetcode-country-ranking,https://github.com/mintutu/leetcode-country-ranking,2019-07-14 07:48:25,160
Flask-Easy-Template,https://github.com/AndreiD/Flask-Easy-Template,2014-09-02 09:50:48,159
flask_accepts,https://github.com/apryor6/flask_accepts,2019-05-03 20:28:13,159
react-flask-app,https://github.com/miguelgrinberg/react-flask-app,2020-03-14 12:10:51,159
Flask-SimpleLogin,https://github.com/flask-extensions/Flask-SimpleLogin,2017-08-23 22:29:20,159
Arcaea-server,https://github.com/Lost-MSth/Arcaea-server,2020-09-11 09:09:41,159
asu,https://github.com/openwrt/asu,2017-05-17 07:44:03,159
mentorship-backend,https://github.com/anitab-org/mentorship-backend,2018-04-26 15:35:18,158
003-arquitetura-flask,https://github.com/codeshow/003-arquitetura-flask,2019-12-12 21:00:31,157
flask-single-page-app,https://github.com/realpython/flask-single-page-app,2014-09-06 15:15:23,157
Simblin,https://github.com/eugenkiss/Simblin,2010-08-07 10:41:35,157
upload-demo,https://github.com/jinixin/upload-demo,2017-08-06 08:08:28,157
gpu-sentry,https://github.com/jacenkow/gpu-sentry,2019-02-03 18:32:44,157
stormpath-flask,https://github.com/stormpath/stormpath-flask,2014-02-17 22:28:22,156
building-a-blog-using-flask-and-angularjs,https://github.com/johnnncodes/building-a-blog-using-flask-and-angularjs,2014-08-24 13:27:18,156
PyMedium,https://github.com/enginebai/PyMedium,2016-12-02 02:36:31,156
flask-sentinel,https://github.com/pyeve/flask-sentinel,2015-01-22 08:33:38,155
watchlist,https://github.com/greyli/watchlist,2018-12-04 04:23:29,154
flask-calendar,https://github.com/Kartones/flask-calendar,2017-12-13 20:48:09,154
simple_api,https://github.com/mmautner/simple_api,2014-06-02 15:13:45,154
Flask_template_auth_with_Dash,https://github.com/jimmybow/Flask_template_auth_with_Dash,2018-07-09 03:57:15,154
Flask-Foundation,https://github.com/klen/Flask-Foundation,2012-07-11 19:31:49,154
flask-blog,https://github.com/happyte/flask-blog,2016-12-17 08:18:03,153
search-libc,https://github.com/blukat29/search-libc,2017-02-03 07:35:33,153
angular2-flask,https://github.com/ansrivas/angular2-flask,2016-03-26 20:57:51,152
Origami,https://github.com/Cloud-CV/Origami,2016-05-28 17:49:50,152
word2vec-spam-filter,https://github.com/doodyparizada/word2vec-spam-filter,2017-12-11 09:16:55,152
pi-camera-stream-flask,https://github.com/EbenKouao/pi-camera-stream-flask,2020-09-21 20:40:27,151
oreilly-intro-to-flask-video,https://github.com/miguelgrinberg/oreilly-intro-to-flask-video,2014-07-25 05:49:39,151
JmilkFan-s-Blog,https://github.com/JmilkFan/JmilkFan-s-Blog,2016-11-13 07:49:24,151
Flask-Celery-Helper,https://github.com/Robpol86/Flask-Celery-Helper,2014-06-01 06:10:56,151
kerko,https://github.com/whiskyechobravo/kerko,2019-07-16 22:52:11,151
appkernel,https://github.com/accelero-cloud/appkernel,2018-01-07 21:52:28,151
docker-flask-gunicorn-nginx,https://github.com/sladkovm/docker-flask-gunicorn-nginx,2017-09-06 21:06:22,150
flask-celery-example,https://github.com/1xch/flask-celery-example,2012-06-02 13:23:31,150
COVID-19-NLP-vis,https://github.com/yunwei37/COVID-19-NLP-vis,2020-05-21 14:00:48,150
flask-ckeditor,https://github.com/greyli/flask-ckeditor,2017-04-10 12:54:15,149
sanic-cors,https://github.com/ashleysommer/sanic-cors,2017-01-05 00:58:57,149
hiitpi,https://github.com/jingw222/hiitpi,2020-03-30 13:59:15,149
browsepy,https://github.com/ergoithz/browsepy,2013-12-24 01:02:57,148
sqlalchemy-datatables,https://github.com/Pegase745/sqlalchemy-datatables,2013-08-07 18:13:25,148
Carbon-API,https://github.com/cyberboysumanjay/Carbon-API,2020-05-28 18:49:01,148
flask-admin,https://github.com/mrjoes/flask-admin,2015-04-20 15:33:41,147
csrgenerator.com,https://github.com/DavidWittman/csrgenerator.com,2013-02-17 07:33:17,147
tangerine,https://github.com/nficano/tangerine,2015-11-04 16:28:29,147
minimal-docker-python-setup,https://github.com/OrangeTux/minimal-docker-python-setup,2015-09-03 20:51:28,147
WA-Reader,https://github.com/prabhakar267/WA-Reader,2015-09-13 21:01:58,147
flask-adminlte,https://github.com/app-generator/flask-adminlte,2019-10-28 15:51:23,146
notifico,https://github.com/TkTech/notifico,2012-11-23 11:50:38,146
bento,https://github.com/returntocorp/bento,2019-09-30 19:48:05,146
flask_sqlalchemy_rest,https://github.com/bradtraversy/flask_sqlalchemy_rest,2019-01-07 16:28:12,145
flask-pycon2014,https://github.com/miguelgrinberg/flask-pycon2014,2014-03-03 00:38:18,145
flask-weixin,https://github.com/lepture/flask-weixin,2013-10-10 11:47:54,145
pytorch-flask-api,https://github.com/avinassh/pytorch-flask-api,2019-06-20 15:45:55,144
simpleapi,https://github.com/flosch/simpleapi,2010-04-17 19:39:08,144
FlaskBootstrapSecurity,https://github.com/hansonkd/FlaskBootstrapSecurity,2012-04-09 18:16:23,143
datatables-flask-serverside,https://github.com/SergioLlana/datatables-flask-serverside,2017-06-02 06:57:36,143
mybolg,https://github.com/NoGameNoLife00/mybolg,2015-01-21 05:59:55,142
microblog-api,https://github.com/miguelgrinberg/microblog-api,2021-11-25 14:56:14,142
DeadlyTrade,https://github.com/DeadlyCrush/DeadlyTrade,2020-02-04 19:47:31,142
Shopping-Cart,https://github.com/HarshShah1997/Shopping-Cart,2016-08-07 10:58:59,141
Book-Management-System,https://github.com/lyric777/Book-Management-System,2019-01-01 07:28:22,141
flask-executor,https://github.com/dchevell/flask-executor,2018-08-19 05:48:29,141
flask-react,https://github.com/abhiomkar/flask-react,2014-09-17 09:53:30,141
CTAI,https://github.com/xming521/CTAI,2020-02-17 06:29:03,141
Bert_Classifier,https://github.com/danan0755/Bert_Classifier,2020-04-12 06:51:07,141
avmoo-spider,https://github.com/moozik/avmoo-spider,2016-11-08 18:15:38,140
JobCenter,https://github.com/guomaoqiu/JobCenter,2019-03-18 10:22:03,140
minimal-reverse-proxy-demo,https://github.com/productive-dev/minimal-reverse-proxy-demo,2020-05-10 21:51:15,140
flask-file-uploader,https://github.com/ngoduykhanh/flask-file-uploader,2014-08-09 07:06:48,139
devops-flask-vue,https://github.com/lifei825/devops-flask-vue,2017-08-25 14:55:41,139
flamejam,https://github.com/svenstaro/flamejam,2011-07-02 18:56:33,139
docker-nginx-gunicorn-flask-letsencrypt,https://github.com/smallwat3r/docker-nginx-gunicorn-flask-letsencrypt,2018-12-22 00:28:29,139
betanin,https://github.com/sentriz/betanin,2018-07-30 17:10:02,139
flask-app-blueprint,https://github.com/jelmerdejong/flask-app-blueprint,2015-02-23 13:52:39,138
flasksr,https://github.com/arpitbbhayani/flasksr,2016-10-13 07:16:22,138
demo-oauth-client,https://github.com/authlib/demo-oauth-client,2019-10-10 13:53:28,138
dino,https://github.com/thenetcircle/dino,2016-10-04 05:40:09,138
flask-aws-tutorial,https://github.com/inkjet/flask-aws-tutorial,2015-01-17 04:26:37,137
science_flask,https://github.com/danielhomola/science_flask,2017-04-23 17:57:27,137
flask-dynamo,https://github.com/rdegges/flask-dynamo,2012-08-07 05:14:51,136
flask-swagger-ui,https://github.com/sveint/flask-swagger-ui,2016-10-05 14:07:19,136
flask-full,https://github.com/gofynd/flask-full,2018-04-04 13:17:50,136
limits,https://github.com/alisaifee/limits,2015-01-08 04:34:40,136
flask-rest-setup,https://github.com/mnguyenngo/flask-rest-setup,2018-08-15 03:49:00,135
flask-multi-upload,https://github.com/kirsle/flask-multi-upload,2014-06-21 00:40:27,135
flask-tables,https://github.com/miguelgrinberg/flask-tables,2021-06-18 23:29:27,135
flask-wtform-tutorial,https://github.com/hackersandslackers/flask-wtform-tutorial,2019-11-08 08:25:41,135
log4j-honeypot-flask,https://github.com/BinaryDefense/log4j-honeypot-flask,2021-12-14 18:08:45,135
dailyfresh,https://github.com/HaoZhang95/dailyfresh,2019-05-09 17:58:25,135
flask-login-example,https://github.com/shekhargulati/flask-login-example,2013-08-20 16:29:03,134
python_feedback_app,https://github.com/bradtraversy/python_feedback_app,2019-08-16 16:27:13,134
flask-file-upload,https://github.com/joegasewicz/flask-file-upload,2019-12-13 11:26:42,134
soul-manga,https://github.com/fyxtc/soul-manga,2017-12-18 05:34:03,134
PersonalHomepage,https://github.com/NolanGit/PersonalHomepage,2019-10-21 03:09:36,134
flask-cms,https://github.com/jstacoder/flask-cms,2014-06-12 16:40:41,133
two-factor-auth-flask,https://github.com/miguelgrinberg/two-factor-auth-flask,2015-02-09 01:55:46,133
Flask-BookRecommend-Mysql,https://github.com/lsq960124/Flask-BookRecommend-Mysql,2018-07-16 16:35:26,133
red-flask,https://github.com/redtreeai/red-flask,2018-10-22 03:33:52,133
vuejs-python,https://github.com/italomaia/vuejs-python,2016-02-02 01:52:55,133
py-novel,https://github.com/dkvirus/py-novel,2018-09-30 00:56:09,133
Indian-Paper-Currency-Prediction,https://github.com/rowhitswami/Indian-Paper-Currency-Prediction,2020-05-18 17:52:06,133
flask-oidc,https://github.com/puiterwijk/flask-oidc,2014-06-30 19:02:00,132
flask-permissions,https://github.com/raddevon/flask-permissions,2013-09-09 20:39:01,132
flask-app-generator,https://github.com/shea256/flask-app-generator,2012-12-04 08:16:42,132
flask-bootstrap-skel,https://github.com/albertogg/flask-bootstrap-skel,2012-12-10 21:16:01,132
rqmonitor,https://github.com/pranavgupta1234/rqmonitor,2020-05-09 07:29:44,132
multivisor,https://github.com/tiagocoutinho/multivisor,2018-01-16 05:41:41,132
Flask_BestPractices,https://github.com/yangyuexiong/Flask_BestPractices,2019-05-15 09:00:28,131
auth0-python-web-app,https://github.com/auth0-samples/auth0-python-web-app,2016-05-20 21:31:04,131
Flask-Elasticsearch,https://github.com/chiangf/Flask-Elasticsearch,2015-04-29 00:32:41,131
pyTSP,https://github.com/afourmy/pyTSP,2018-01-29 18:42:49,131
flask-deploy,https://github.com/realpython/flask-deploy,2014-10-25 16:02:50,130
flask-material-dashboard,https://github.com/app-generator/flask-material-dashboard,2019-06-03 11:18:39,130
Dockerized-Flask,https://github.com/Radu-Raicea/Dockerized-Flask,2017-05-24 20:15:43,130
broadlinkmanager-docker,https://github.com/t0mer/broadlinkmanager-docker,2020-06-03 15:17:21,130
kubernetes-examples,https://github.com/jxlwqq/kubernetes-examples,2020-03-04 14:37:26,130
bepasty-server,https://github.com/bepasty/bepasty-server,2014-01-24 21:37:55,130
BhagavadGita,https://github.com/gita/BhagavadGita,2018-02-07 07:01:17,130
nginx-gunicorn-flask,https://github.com/danriti/nginx-gunicorn-flask,2015-04-03 02:53:04,129
flask2postman,https://github.com/numberly/flask2postman,2015-08-28 11:12:41,129
microservices-scaffold,https://github.com/python-microservices/microservices-scaffold,2018-03-24 14:12:04,129
fblog,https://github.com/ghost123gg/fblog,2019-01-02 05:08:59,129
meinheld-gunicorn-docker,https://github.com/tiangolo/meinheld-gunicorn-docker,2019-01-12 12:04:38,129
FlaskDirectUploader,https://github.com/willwebberley/FlaskDirectUploader,2013-04-12 15:16:04,128
python-flask,https://github.com/opentracing-contrib/python-flask,2016-07-20 17:14:48,128
Flask-aiohttp,https://github.com/Hardtack/Flask-aiohttp,2015-04-05 01:08:14,128
flask_mongodb_game,https://github.com/1012598167/flask_mongodb_game,2019-10-20 10:36:53,128
localtileserver,https://github.com/banesullivan/localtileserver,2021-11-18 04:47:16,128
flask-shop,https://github.com/hjlarry/flask-shop,2018-06-20 01:30:23,127
Flaskerizer,https://github.com/brettvanderwerff/Flaskerizer,2018-05-09 02:10:37,127
Flask-Dashed,https://github.com/jeanphix/Flask-Dashed,2011-09-14 16:40:15,127
python-flask-sklearn-docker-template,https://github.com/Soluto/python-flask-sklearn-docker-template,2017-07-14 13:00:56,127
shopify-flask-example,https://github.com/garettB/shopify-flask-example,2020-05-14 16:43:17,127
Flask-FeatureFlags,https://github.com/rachelsanders/Flask-FeatureFlags,2013-03-27 20:50:51,127
catchat,https://github.com/greyli/catchat,2018-07-19 15:01:25,127
python-examples,https://github.com/furas/python-examples,2015-11-04 23:54:32,126
TIWAP,https://github.com/tombstoneghost/TIWAP,2021-07-19 13:21:53,126
flask-sugar,https://github.com/ShangSky/flask-sugar,2021-07-13 06:12:39,125
flask-security-admin-example,https://github.com/sasaporta/flask-security-admin-example,2014-04-15 13:32:56,124
portfolio,https://github.com/crearo/portfolio,2015-10-27 17:52:28,124
flask_gunicorn_nginx_docker,https://github.com/ivanpanshin/flask_gunicorn_nginx_docker,2020-04-29 21:11:31,124
nginx-flask-postgres-docker-compose-example,https://github.com/juggernaut/nginx-flask-postgres-docker-compose-example,2017-09-20 16:36:08,124
rethinkdb-example-flask-backbone-todo,https://github.com/rethinkdb/rethinkdb-example-flask-backbone-todo,2013-01-19 01:08:48,124
todoism,https://github.com/greyli/todoism,2018-08-03 09:51:17,124
wtxlog,https://github.com/wtx358/wtxlog,2014-06-13 03:04:36,124
Flask-Discord,https://github.com/weibeu/Flask-Discord,2019-05-06 10:48:29,123
openpoiservice,https://github.com/GIScience/openpoiservice,2018-01-30 16:21:50,123
Pi-Temp,https://github.com/cwalk/Pi-Temp,2016-03-24 17:15:11,123
Competitive_Programming_Score_API,https://github.com/Abhijeet-AR/Competitive_Programming_Score_API,2020-02-08 06:51:54,123
Flask-Graphene-SQLAlchemy,https://github.com/Getmrahul/Flask-Graphene-SQLAlchemy,2017-07-16 20:45:23,122
flask-materialize,https://github.com/HellerCommaA/flask-materialize,2015-05-22 02:26:23,122
Flask-Stripe-MySQL-Bootstrapped,https://github.com/casperbh96/Flask-Stripe-MySQL-Bootstrapped,2019-11-23 20:04:51,122
flask-static-digest,https://github.com/nickjj/flask-static-digest,2019-10-30 19:02:54,122
arachne,https://github.com/kirankoduru/arachne,2015-11-12 05:28:47,122
api-pycon2014,https://github.com/miguelgrinberg/api-pycon2014,2014-03-31 17:23:11,122
python-tutorial,https://github.com/Wscats/python-tutorial,2018-02-23 00:23:58,122
pytorch-flask-api-heroku,https://github.com/avinassh/pytorch-flask-api-heroku,2019-06-20 15:54:47,121
InformationExtractionDemo,https://github.com/Wangpeiyi9979/InformationExtractionDemo,2019-05-10 03:44:35,121
minimal-flask-react,https://github.com/jwkvam/minimal-flask-react,2018-04-15 07:26:42,120
fail2ban-dashboard,https://github.com/oussemos/fail2ban-dashboard,2014-09-24 14:14:05,120
website,https://github.com/pallets/website,2016-03-29 12:49:24,120
flaskTs,https://github.com/HymanLiuTS/flaskTs,2016-12-06 15:09:59,119
Mastering-Flask-Web-Development-Second-Edition,https://github.com/PacktPublishing/Mastering-Flask-Web-Development-Second-Edition,2018-10-25 12:30:58,119
flask-split,https://github.com/jpvanhal/flask-split,2012-03-10 10:40:08,119
flask-gevent-socketio-chat,https://github.com/kcarnold/flask-gevent-socketio-chat,2012-06-29 18:46:51,119
flask-microservices-users,https://github.com/testdrivenio/flask-microservices-users,2017-05-24 22:00:11,119
flask-frontend-docker,https://github.com/tiangolo/flask-frontend-docker,2018-12-29 16:04:06,119
flask-apps,https://github.com/app-generator/flask-apps,2019-05-31 16:34:47,119
clask,https://github.com/mattn/clask,2020-06-07 12:45:08,119
stocks,https://github.com/austintackaberry/stocks,2017-10-31 07:17:56,119
Python-Flask-Login-Sample,https://github.com/johnschimmel/Python-Flask-Login-Sample,2013-11-12 13:56:04,118
flask-rest-api-blog-series,https://github.com/paurakhsharma/flask-rest-api-blog-series,2019-12-09 17:22:15,118
kuittiskanneri,https://github.com/jasalt/kuittiskanneri,2014-06-23 19:12:06,118
dingdian,https://github.com/yokonsan/dingdian,2017-03-15 12:46:09,118
VectorCloud,https://github.com/rmountjoy92/VectorCloud,2018-11-08 11:32:45,118
flask-graphene-sqlalchemy,https://github.com/alexisrolland/flask-graphene-sqlalchemy,2018-01-31 06:12:12,117
flask-gae-skeleton,https://github.com/blossom/flask-gae-skeleton,2010-07-10 11:52:19,117
keras-and-tensorflow-serving,https://github.com/himanshurawlani/keras-and-tensorflow-serving,2018-10-19 17:59:58,117
WeeklyReport,https://github.com/CodingCrush/WeeklyReport,2017-04-01 11:49:46,117
Salary-API,https://github.com/narenaryan/Salary-API,2015-07-12 18:47:59,117
get-started-python,https://github.com/IBM-Cloud/get-started-python,2015-03-19 21:04:43,117
slackify,https://github.com/Ambro17/slackify,2020-04-24 02:51:45,117
flask-todolist,https://github.com/rtzll/flask-todolist,2015-01-05 21:00:19,116
docker-flask,https://github.com/p0bailey/docker-flask,2014-09-09 18:12:46,116
Live-Streaming-using-OpenCV-Flask,https://github.com/NakulLakhotia/Live-Streaming-using-OpenCV-Flask,2020-10-05 11:27:31,116
Flask-WeasyPrint,https://github.com/Kozea/Flask-WeasyPrint,2012-07-13 11:52:39,116
flaskerize,https://github.com/apryor6/flaskerize,2019-04-22 12:30:45,116
sklearn-flask-docker,https://github.com/chrisalbon/sklearn-flask-docker,2020-08-25 18:21:06,115
NaHan,https://github.com/selfboot/NaHan,2016-07-03 06:53:56,115
pyblog,https://github.com/eastossifrage/pyblog,2016-07-25 10:24:57,115
flask-volt-dashboard,https://github.com/app-generator/flask-volt-dashboard,2020-10-01 08:25:54,114
flask-sse,https://github.com/DazWorrall/flask-sse,2012-10-18 16:33:20,114
white,https://github.com/whiteclover/white,2015-03-09 15:01:21,114
job-web-demo,https://github.com/zkqiang/job-web-demo,2018-03-09 02:57:57,114
labeled-tweet-generator,https://github.com/rhnvrm/labeled-tweet-generator,2016-10-17 22:12:07,114
black-playground,https://github.com/jpadilla/black-playground,2018-04-17 02:36:08,114
flask-bouncer,https://github.com/bouncer-app/flask-bouncer,2014-03-24 17:14:13,113
flask-restaction,https://github.com/guyskk/flask-restaction,2015-09-04 15:10:26,113
personal-backend,https://github.com/MycroftAI/personal-backend,2019-01-02 16:23:26,113
grest,https://github.com/mostafa/grest,2017-04-18 16:54:15,113
lecture-summarizer,https://github.com/dmmiller612/lecture-summarizer,2019-02-28 00:06:22,113
instant_api,https://github.com/alexmojaki/instant_api,2020-05-03 21:10:40,113
warren,https://github.com/nityansuman/warren,2019-04-02 17:19:56,113
flask-ghpages-example,https://github.com/sloria/flask-ghpages-example,2013-07-15 21:37:21,112
maple-blog,https://github.com/honmaple/maple-blog,2015-11-21 16:19:30,112
flask-live-starter,https://github.com/johnwheeler/flask-live-starter,2016-11-05 04:59:26,112
sagenb,https://github.com/sagemath/sagenb,2011-12-20 19:56:02,112
NI-PYT,https://github.com/cvut/NI-PYT,2016-05-12 18:57:56,112
tushe,https://github.com/ericls/tushe,2015-07-18 19:01:26,111
mdwiki,https://github.com/xbynet/mdwiki,2016-11-19 09:06:19,111
Flight-Price-Prediction,https://github.com/Mandal-21/Flight-Price-Prediction,2020-07-03 04:48:32,111
Votr,https://github.com/danidee10/Votr,2016-09-21 19:10:59,110
flask-sock,https://github.com/miguelgrinberg/flask-sock,2021-03-27 16:39:25,110
python-thumbnails,https://github.com/python-thumbnails/python-thumbnails,2015-03-14 21:55:16,110
face2data,https://github.com/rodrigobressan/face2data,2019-11-11 20:43:58,110
intercessor,https://github.com/saswat555/intercessor,2021-08-27 16:47:21,110
active-alchemy,https://github.com/mardix/active-alchemy,2014-08-24 05:14:27,110
flask-mysql,https://github.com/cyberdelia/flask-mysql,2011-07-27 17:28:40,109
flask_pure,https://github.com/Andrew-liu/flask_pure,2015-05-10 13:41:27,109
flask-twilio-video,https://github.com/miguelgrinberg/flask-twilio-video,2020-04-16 17:30:35,109
flask-cheat-sheet,https://github.com/lucrae/flask-cheat-sheet,2018-06-25 01:45:41,109
flask-vuejs-survey,https://github.com/amcquistan/flask-vuejs-survey,2018-02-04 20:37:33,109
portrait-matting-unet-flask,https://github.com/leijue222/portrait-matting-unet-flask,2020-03-05 03:19:29,109
Lexos,https://github.com/WheatonCS/Lexos,2013-05-13 20:16:10,109
CCKS2019-Task5,https://github.com/houking-can/CCKS2019-Task5,2019-08-28 04:12:05,109
flask_auth_scotch,https://github.com/PrettyPrinted/flask_auth_scotch,2019-02-12 11:48:25,108
flask-argon-dashboard,https://github.com/app-generator/flask-argon-dashboard,2019-11-05 09:17:34,108
flask-autoindex,https://github.com/general03/flask-autoindex,2010-08-30 06:29:56,108
Flask-Large-Application-Example,https://github.com/JoMingyu/Flask-Large-Application-Example,2017-05-08 01:51:59,108
BookLibrary,https://github.com/magic-akari/BookLibrary,2016-05-02 01:03:04,108
bitfinex_echarts,https://github.com/Jornason/bitfinex_echarts,2018-12-13 08:17:20,108
watson-voice-bot,https://github.com/IBM/watson-voice-bot,2018-06-15 05:17:11,108
htmx-python-course,https://github.com/talkpython/htmx-python-course,2021-09-17 17:39:01,108
terraformize,https://github.com/naorlivne/terraformize,2019-10-05 14:40:03,108
Flask_Movie_Site,https://github.com/rickyyangrui/Flask_Movie_Site,2017-11-23 04:22:16,107
build-a-flask-api,https://github.com/singingwolfboy/build-a-flask-api,2016-04-26 16:01:59,107
cleanblog,https://github.com/defshine/cleanblog,2015-04-16 14:18:28,107
TrackLater,https://github.com/Eerovil/TrackLater,2018-08-30 20:47:29,107
Video-Streaming-with-Flask,https://github.com/Mjrovai/Video-Streaming-with-Flask,2018-01-26 20:35:55,106
flask-Purchase_and_sale,https://github.com/agamgn/flask-Purchase_and_sale,2019-03-29 00:48:43,106
flask-atlantis-dark,https://github.com/app-generator/flask-atlantis-dark,2019-11-01 08:49:16,106
api_ner,https://github.com/guillaumegenthial/api_ner,2017-09-15 01:23:05,106
flask-powered,https://github.com/rochacbruno/flask-powered,2018-04-10 20:09:02,106
nawak,https://github.com/idlewan/nawak,2014-01-07 11:49:47,106
lagom,https://github.com/meadsteve/lagom,2019-06-01 13:54:42,106
CloudFlarePartner,https://github.com/luodaoyi/CloudFlarePartner,2018-05-29 12:44:36,105
flask-rest-template,https://github.com/alexandre-old/flask-rest-template,2015-01-31 05:26:17,105
flask-restx-boilerplate,https://github.com/X1Zeth2X/flask-restx-boilerplate,2019-11-21 10:30:12,105
python-course,https://github.com/hellokuls/python-course,2019-02-03 10:50:47,105
Hands-on-Microservices-with-Python,https://github.com/PacktPublishing/Hands-on-Microservices-with-Python,2018-07-16 09:25:56,105
lnetd,https://github.com/cpmarvin/lnetd,2018-03-04 15:08:56,105
oms.py,https://github.com/microservices/oms.py,2019-05-09 21:41:12,105
flask-ldap-login,https://github.com/ContinuumIO/flask-ldap-login,2014-08-15 21:22:44,104
flask-datta-able,https://github.com/app-generator/flask-datta-able,2020-06-01 18:17:47,104
tf_serving_flask_app,https://github.com/vbezgachev/tf_serving_flask_app,2017-11-08 21:36:08,104
flask-sijax,https://github.com/spantaleev/flask-sijax,2011-03-01 12:24:12,104
flask-allows,https://github.com/justanr/flask-allows,2015-08-20 16:43:01,104
FitTrackee,https://github.com/SamR1/FitTrackee,2017-04-02 18:08:29,104
tondra,https://github.com/ssbostan/tondra,2021-01-10 19:36:33,104
solarpi,https://github.com/Tafkas/solarpi,2014-07-20 20:32:29,103
Twilio-Hackpack-for-Heroku-and-Flask,https://github.com/RobSpectre/Twilio-Hackpack-for-Heroku-and-Flask,2012-03-23 22:44:42,103
permission,https://github.com/hustlzp/permission,2014-09-10 08:23:19,103
flask_project,https://github.com/zhanghe06/flask_project,2016-01-06 15:36:13,102
flask-pwa,https://github.com/umluizlima/flask-pwa,2018-05-16 20:10:09,102
Breast-Cancer-Predictor,https://github.com/srimani-programmer/Breast-Cancer-Predictor,2020-02-28 14:49:39,102
mana,https://github.com/misakar/mana,2015-09-11 00:43:51,102
ocean_ctf,https://github.com/tongchengbin/ocean_ctf,2020-12-12 16:53:12,102
idealyard,https://github.com/imoyao/idealyard,2019-06-17 07:47:21,102
podcats,https://github.com/jakubroztocil/podcats,2012-12-09 16:54:29,102
flask-ngrok,https://github.com/gstaff/flask-ngrok,2018-09-04 00:22:30,101
flask-rest-api,https://github.com/gitgik/flask-rest-api,2017-04-17 10:52:13,101
flask-base,https://github.com/notedit/flask-base,2012-11-30 16:36:55,101
forecastr,https://github.com/garethcull/forecastr,2019-03-18 15:45:13,101
flask-blog,https://github.com/WangYves/flask-blog,2017-12-04 07:19:37,100
flask-image-uploader,https://github.com/bboe/flask-image-uploader,2013-02-18 19:45:35,100
SMS-Message-Spam-Detector,https://github.com/susanli2016/SMS-Message-Spam-Detector,2018-12-16 22:17:42,100
flaskdash,https://github.com/twintechlabs/flaskdash,2018-04-09 18:38:43,99
flask-user-api-template,https://github.com/BeanWei/flask-user-api-template,2018-04-20 16:27:38,99
sharp,https://github.com/revalo/sharp,2020-07-27 22:00:07,99
visitor-count-badge,https://github.com/jwenjian/visitor-count-badge,2019-06-27 12:26:59,99
flask-socketio-celery-example,https://github.com/jwhelland/flask-socketio-celery-example,2015-01-19 03:23:24,98
alchemydumps,https://github.com/cuducos/alchemydumps,2014-11-15 20:03:05,98
super-bbs,https://github.com/lgphone/super-bbs,2020-01-04 02:34:42,98
COVID-19-Detection-Flask-App-based-on-Chest-X-rays-and-CT-Scans,https://github.com/kaushikjadhav01/COVID-19-Detection-Flask-App-based-on-Chest-X-rays-and-CT-Scans,2020-05-29 12:25:58,98
Small,https://github.com/ml87124909/Small,2019-07-25 00:57:04,98
flask-lambda,https://github.com/sivel/flask-lambda,2016-12-21 21:53:36,97
Flask-S3-Uploader,https://github.com/doobeh/Flask-S3-Uploader,2012-10-26 20:07:00,97
PyFlask_2k18,https://github.com/ACM-VIT/PyFlask_2k18,2018-09-26 15:45:48,97
flask-editablesite,https://github.com/Jaza/flask-editablesite,2015-09-30 02:10:04,97
ImageRetrieval-tf,https://github.com/icodingc/ImageRetrieval-tf,2016-08-13 01:12:26,97
age-of-empires-II-api,https://github.com/aalises/age-of-empires-II-api,2018-11-05 09:30:23,97
CASR-DEMO,https://github.com/lihanghang/CASR-DEMO,2019-05-06 07:46:40,97
upload_file_python,https://github.com/ibrahimokdadov/upload_file_python,2015-12-25 10:50:56,96
flask-basic-registration,https://github.com/mjhea0/flask-basic-registration,2013-07-17 03:54:55,96
flask-firebase,https://github.com/klokantech/flask-firebase,2016-12-20 14:56:49,96
basic_flask,https://github.com/davidism/basic_flask,2013-06-25 17:56:07,96
poopak,https://github.com/teal33t/poopak,2018-04-22 07:19:27,96
Flask-gzip,https://github.com/closeio/Flask-gzip,2012-10-10 00:29:18,95
flask-log-request-id,https://github.com/Workable/flask-log-request-id,2017-07-25 13:42:39,95
ecg-mit-bih,https://github.com/physhik/ecg-mit-bih,2019-03-29 11:33:47,95
deep-learning-training-gui,https://github.com/mustafamerttunali/deep-learning-training-gui,2019-12-17 04:53:15,95
TikTokDownloader_PyWebIO,https://github.com/Evil0ctal/TikTokDownloader_PyWebIO,2021-11-07 01:35:09,95
netmeter,https://github.com/ssbostan/netmeter,2020-01-23 06:12:59,95
flask-registration,https://github.com/realpython/flask-registration,2014-12-26 12:53:27,94
MockServer,https://github.com/yinquanwang/MockServer,2018-06-21 06:43:27,94
ifc-pipeline,https://github.com/AECgeeks/ifc-pipeline,2020-06-28 11:17:59,94
jinja-assets-compressor,https://github.com/jaysonsantos/jinja-assets-compressor,2013-02-25 17:58:23,94
phormatics,https://github.com/jrobchin/phormatics,2018-03-23 23:28:52,94
Deploying-Flask-To-Heroku,https://github.com/twtrubiks/Deploying-Flask-To-Heroku,2017-01-29 10:02:13,93
flask-object-detection,https://github.com/AIZOOTech/flask-object-detection,2020-04-05 12:39:45,93
awesome-flask-cn,https://github.com/haiiiiiyun/awesome-flask-cn,2016-08-26 04:17:39,93
cookiecutter-Flask-Foundation,https://github.com/JackStouffer/cookiecutter-Flask-Foundation,2015-03-19 21:59:49,93
the-way-to-flask,https://github.com/liuliqiang/the-way-to-flask,2016-05-16 07:35:55,93
sls-flask,https://github.com/jetbridge/sls-flask,2019-03-14 16:31:38,93
markbj,https://github.com/chaijunit/markbj,2017-04-28 14:47:11,93
RTB-CTF-Framework,https://github.com/abs0lut3pwn4g3/RTB-CTF-Framework,2019-07-04 10:22:51,93
hexagonal-architecture-python,https://github.com/alex-grover/hexagonal-architecture-python,2019-11-15 08:24:18,93
braintree_flask_example,https://github.com/braintree/braintree_flask_example,2015-11-19 16:23:28,92
flask-reactjs,https://github.com/lassegit/flask-reactjs,2016-09-04 15:18:18,92
message-board,https://github.com/defshine/message-board,2015-01-07 09:18:34,92
HNify,https://github.com/karan/HNify,2013-10-29 05:46:58,92
anyaudio-server,https://github.com/anyaudio/anyaudio-server,2016-08-04 10:38:25,92
route-one,https://github.com/clojurewerkz/route-one,2012-03-31 12:29:30,92
flask-tutorial,https://github.com/jakecoffman/flask-tutorial,2012-08-04 13:10:53,91
openvpn-cms-flask,https://github.com/xiaoyunjie/openvpn-cms-flask,2020-02-25 08:29:38,91
python-lambdarest,https://github.com/sloev/python-lambdarest,2017-02-07 15:30:04,91
pyreportjasper,https://github.com/acesseonline/pyreportjasper,2016-11-20 15:33:44,91
shell-history,https://github.com/pawamoy/shell-history,2017-11-09 18:34:30,91
flask-autodoc,https://github.com/acoomans/flask-autodoc,2013-10-01 04:01:05,90
flask-adminlte,https://github.com/dellintosh/flask-adminlte,2016-03-23 21:35:10,90
flask-vue-xcx-,https://github.com/371854496/flask-vue-xcx-,2019-07-19 10:35:55,90
flask-react-boilerplate,https://github.com/YaleDHLab/flask-react-boilerplate,2018-02-05 18:45:11,90
flask-authz,https://github.com/pycasbin/flask-authz,2019-05-11 00:48:44,90
docker-tutorial,https://github.com/stavshamir/docker-tutorial,2018-04-23 06:38:15,90
